frame_index,timestamp_s,reference_speed_kmh,predicted_speed_kmh
0,0.000000,59,57.577118
1,0.033333,59,57.577118
2,0.066667,59,57.577114
3,0.100000,59,57.577118
4,0.133333,59,58.076271
5,0.166667,59,58.742207
6,0.200000,59,59.408466
7,0.233333,59,60.074860
8,0.266667,59,60.741230
9,0.300000,59,61.407425
10,0.333333,59,62.073277
11,0.366667,60,62.416935
12,0.400000,60,61.795040
13,0.433333,60,61.172756
14,0.466667,60,60.550224
15,0.500000,60,57.445202
16,0.533333,60,56.875805
17,0.566667,60,56.335461
18,0.600000,60,55.824238
19,0.633333,60,56.297649
20,0.666667,60,57.119068
21,0.700000,60,57.969841
22,0.733333,60,58.849632
23,0.766667,60,59.758030
24,0.800000,60,60.694519
25,0.833333,60,61.658497
26,0.866667,60,62.245586
27,0.900000,60,61.602146
28,0.933333,60,60.911942
29,0.966667,60,60.175301
30,1.000000,60,60.301804
31,1.033333,60,59.838341
32,1.066667,60,59.422401
33,1.100000,60,59.054180
34,1.133333,61,59.502041
35,1.166667,61,60.189190
36,1.200000,61,60.850121
37,1.233333,61,61.484646
38,1.266667,61,62.092598
39,1.300000,61,62.673840
40,1.333333,61,63.228218
41,1.366667,61,63.580391
42,1.400000,61,63.380001
43,1.433333,61,63.152836
44,1.466667,61,62.898918
45,1.500000,61,64.652985
46,1.533333,61,64.344856
47,1.566667,61,64.062653
48,1.600000,61,63.806473
49,1.633333,61,64.209610
50,1.666667,61,64.783188
51,1.700000,61,65.306442
52,1.733333,61,65.779243
53,1.766667,61,66.201538
54,1.800000,61,66.573311
55,1.833333,61,66.894585
56,1.866667,61,67.019089
57,1.900000,61,66.673416
58,1.933333,61,66.308113
59,1.966667,62,65.923195
60,2.000000,62,64.019638
61,2.033333,62,63.769390
62,2.066667,62,63.538322
63,2.100000,62,63.326485
64,2.133333,62,63.779804
65,2.166667,62,64.415497
66,2.200000,62,65.010666
67,2.233333,62,65.565201
68,2.266667,62,66.079041
69,2.300000,62,66.552170
70,2.333333,62,66.984650
71,2.366667,62,67.158592
72,2.400000,62,66.643463
73,2.433333,62,66.096405
74,2.466667,62,65.517456
75,2.500000,62,62.343914
76,2.533333,62,61.889591
77,2.566667,62,61.466286
78,2.600000,62,61.074139
79,2.633333,63,61.537376
80,2.666667,63,62.244236
81,2.700000,63,62.910820
82,2.733333,63,63.536892
83,2.766667,63,64.122261
84,2.800000,63,64.666809
85,2.833333,63,65.170509
86,2.866667,63,65.391312
87,2.900000,63,64.850677
88,2.933333,63,64.278107
89,2.966667,63,63.673683
90,3.000000,63,61.800591
91,3.033333,63,61.454441
92,3.066667,63,61.139893
93,3.100000,63,60.857056
94,3.133333,63,61.326012
95,3.166667,63,62.007950
96,3.200000,63,62.654247
97,3.233333,64,63.264687
98,3.266667,64,63.839100
99,3.300000,64,64.377342
100,3.333333,64,64.879333
101,3.366667,64,65.132774
102,3.400000,64,64.715714
103,3.433333,64,64.266258
104,3.466667,64,63.784470
105,3.500000,64,64.055916
106,3.533333,64,63.729980
107,3.566667,64,63.435574
108,3.600000,64,63.172821
109,3.633333,64,63.934055
110,3.666667,64,64.972160
111,3.700000,64,65.943314
112,3.733333,64,66.846809
113,3.766667,64,67.682091
114,3.800000,64,68.448830
115,3.833333,64,69.146912
116,3.866667,64,69.529541
117,3.900000,65,69.130524
118,3.933333,65,68.706734
119,3.966667,65,68.258133
120,4.000000,65,67.247597
121,4.033333,65,66.997093
122,4.066667,65,66.770309
123,4.100000,65,66.567337
124,4.133333,65,67.089104
125,4.166667,65,67.812996
126,4.200000,65,68.497368
127,4.233333,65,69.142212
128,4.266667,65,69.747513
129,4.300000,65,70.313332
130,4.333333,65,70.839798
131,4.366667,65,71.121674
132,4.400000,65,70.755737
133,4.433333,66,70.362579
134,4.466667,66,69.942123
135,4.500000,66,69.277084
136,4.533333,66,68.967537
137,4.566667,66,68.683456
138,4.600000,66,68.425018
139,4.633333,66,68.746635
140,4.666667,66,69.214912
141,4.700000,66,69.635979
142,4.733333,66,70.009895
143,4.766667,66,70.336754
144,4.800000,66,70.616669
145,4.833333,66,70.849808
146,4.866667,66,70.970535
147,4.900000,66,70.875381
148,4.933333,66,70.778572
149,4.966667,66,70.680092
150,5.000000,66,68.718842
151,5.033333,66,68.638962
152,5.066667,66,68.560715
153,5.100000,67,68.484131
154,5.133333,67,68.630859
155,5.166667,67,68.817276
156,5.200000,67,68.964432
157,5.233333,67,69.072433
158,5.266667,67,69.141365
159,5.300000,67,69.171371
160,5.333333,67,69.162567
161,5.366667,67,69.093338
162,5.400000,67,68.946693
163,5.433333,67,68.803696
164,5.466667,67,68.664360
165,5.500000,67,66.705200
166,5.533333,67,66.804756
167,5.566667,67,66.900635
168,5.600000,67,66.992844
169,5.633333,67,66.941658
170,5.666667,67,66.833618
171,5.700000,67,66.714340
172,5.733333,68,66.583801
173,5.766667,68,66.441986
174,5.800000,68,66.288872
175,5.833333,68,66.124466
176,5.866667,68,66.022881
177,5.900000,68,66.145081
178,5.933333,68,66.276215
179,5.966667,68,66.416283
180,6.000000,68,66.720863
181,6.033333,68,66.836014
182,6.066667,68,66.942078
183,6.100000,68,67.039055
184,6.133333,68,66.953835
185,6.166667,68,66.809471
186,6.200000,68,66.664772
187,6.233333,68,66.519730
188,6.266667,68,66.374367
189,6.300000,68,66.228668
190,6.333333,68,66.082634
191,6.366667,68,65.974815
192,6.400000,68,65.984062
193,6.433333,68,65.995804
194,6.466667,68,66.010033
195,6.500000,68,66.001945
196,6.533333,68,66.052162
197,6.566667,68,66.099884
198,6.600000,68,66.145088
199,6.633333,69,66.092316
200,6.666667,69,65.998344
201,6.700000,69,65.893990
202,6.733333,69,65.779259
203,6.766667,69,65.654137
204,6.800000,69,65.518631
205,6.833333,69,65.372696
206,6.866667,69,65.266899
207,6.900000,69,65.312157
208,6.933333,69,65.362785
209,6.966667,69,65.418770
210,7.000000,69,66.650864
211,7.033333,69,66.819984
212,7.066667,69,66.983696
213,7.100000,69,67.142006
214,7.133333,69,67.222214
215,7.166667,69,67.266335
216,7.200000,69,67.297661
217,7.233333,69,67.316177
218,7.266667,69,67.321899
219,7.300000,69,67.314789
220,7.333333,69,67.294853
221,7.366667,69,67.302322
222,7.400000,69,67.429771
223,7.433333,69,67.563820
224,7.466667,69,67.704430
225,7.500000,69,68.935204
226,7.533333,69,69.051842
227,7.566667,69,69.161812
228,7.600000,69,69.265099
229,7.633333,69,69.167885
230,7.666667,69,68.994835
231,7.700000,69,68.809883
232,7.733333,69,68.612961
233,7.766667,69,68.404076
234,7.800000,70,68.183212
235,7.833333,70,67.950317
236,7.866667,70,67.801430
237,7.900000,70,67.944061
238,7.933333,70,68.099327
239,7.966667,70,68.267174
240,8.000000,70,69.980125
241,8.033333,70,70.263123
242,8.066667,70,70.533119
243,8.100000,70,70.790131
244,8.133333,70,70.696976
245,8.166667,70,70.488800
246,8.200000,70,70.279488
247,8.233333,70,70.069031
248,8.266667,70,69.857430
249,8.300000,70,69.644684
250,8.333333,70,69.430779
251,8.366667,70,69.322365
252,8.400000,70,69.539551
253,8.433333,70,69.766495
254,8.466667,70,70.003151
255,8.500000,70,71.812775
256,8.533333,70,71.958351
257,8.566667,70,72.093857
258,8.600000,70,72.219299
259,8.633333,70,72.070290
260,8.666667,70,71.822357
261,8.700000,70,71.563484
262,8.733333,70,71.293633
263,8.766667,70,71.012779
264,8.800000,70,70.720879
265,8.833333,70,70.417900
266,8.866667,70,70.212219
267,8.900000,70,70.335327
268,8.933333,70,70.470810
269,8.966667,70,70.618622
270,9.000000,70,71.403320
271,9.033333,71,71.636742
272,9.066667,71,71.857323
273,9.100000,71,72.065094
274,9.133333,71,71.918442
275,9.166667,71,71.650650
276,9.200000,71,71.376381
277,9.233333,71,71.095573
278,9.266667,71,70.808235
279,9.300000,71,70.514343
280,9.333333,71,70.213867
281,9.366667,71,70.029449
282,9.400000,71,70.218353
283,9.433333,71,70.419685
284,9.466667,71,70.633438
285,9.500000,71,71.473328
286,9.533333,71,71.745415
287,9.566667,71,72.017006
288,9.600000,71,72.288086
289,9.633333,71,72.212845
290,9.666667,71,72.022034
291,9.700000,71,71.830978
292,9.733333,71,71.639671
293,9.766667,71,71.448128
294,9.800000,71,71.256340
295,9.833333,71,71.064301
296,9.866667,71,70.920120
297,9.900000,71,70.920120
298,9.933333,71,70.920120
299,9.966667,71,70.920120
